Set	ExtraCondition	PrimeLanguage	PrimeType	TargetType	TargetLanguage	PrimeSentence	TargetSentence	FullSentence
Set1	same object	English_Prime	s-genitive_Prime	s-genitive_Target	English_Target	The girl's apple is blue	The wizard's apple is blue	The girl's apple is blue. The wizard's apple is blue.
Set1	same object	English_Prime	s-genitive_Prime	of-genitive_Target	English_Target	The girl's apple is blue	The apple of the wizard is blue	The girl's apple is blue. The apple of the wizard is blue.
Set1	same object	English_Prime	of-genitive_Prime	s-genitive_Target	English_Target	The apple of the girl is blue	The wizard's apple is blue	The apple of the girl is blue. The wizard's apple is blue.
Set1	same object	English_Prime	of-genitive_Prime	of-genitive_Target	English_Target	The apple of the girl is blue	The apple of the wizard is blue	The apple of the girl is blue. The apple of the wizard is blue.
Set1	different object	English_Prime	s-genitive_Prime	s-genitive_Target	English_Target	The girl's ice cream is blue	The wizard's apple is blue	The girl's ice cream is blue. The wizard's apple is blue.
Set1	different object	English_Prime	s-genitive_Prime	of-genitive_Target	English_Target	The girl's ice cream is blue	The apple of the wizard is blue	The girl's ice cream is blue. The apple of the wizard is blue.
Set1	different object	English_Prime	of-genitive_Prime	s-genitive_Target	English_Target	The ice cream of the girl is blue	The wizard's apple is blue	The ice cream of the girl is blue. The wizard's apple is blue.
Set1	different object	English_Prime	of-genitive_Prime	of-genitive_Target	English_Target	The ice cream of the girl is blue	The apple of the wizard is blue	The ice cream of the girl is blue. The apple of the wizard is blue.
Set2	same object	English_Prime	s-genitive_Prime	s-genitive_Target	English_Target	The girl's bucket is blue	The nurse's bucket is blue	The girl's bucket is blue. The nurse's bucket is blue.
Set2	same object	English_Prime	s-genitive_Prime	of-genitive_Target	English_Target	The girl's bucket is blue	The bucket of the nurse is blue	The girl's bucket is blue. The bucket of the nurse is blue.
Set2	same object	English_Prime	of-genitive_Prime	s-genitive_Target	English_Target	The bucket of the girl is blue	The nurse's bucket is blue	The bucket of the girl is blue. The nurse's bucket is blue.
Set2	same object	English_Prime	of-genitive_Prime	of-genitive_Target	English_Target	The bucket of the girl is blue	The bucket of the nurse is blue	The bucket of the girl is blue. The bucket of the nurse is blue.
Set2	different object	English_Prime	s-genitive_Prime	s-genitive_Target	English_Target	The girl's rabbit is blue	The nurse's bucket is blue	The girl's rabbit is blue. The nurse's bucket is blue.
Set2	different object	English_Prime	s-genitive_Prime	of-genitive_Target	English_Target	The girl's rabbit is blue	The bucket of the nurse is blue	The girl's rabbit is blue. The bucket of the nurse is blue.
Set2	different object	English_Prime	of-genitive_Prime	s-genitive_Target	English_Target	The rabbit of the blue	The nurse's bucket is blue	The rabbit of the blue. The nurse's bucket is blue.
Set2	different object	English_Prime	of-genitive_Prime	of-genitive_Target	English_Target	The rabbit of the blue	The bucket of the nurse is blue	The rabbit of the blue. The bucket of the nurse is blue.
Set3	same object	English_Prime	s-genitive_Prime	s-genitive_Target	English_Target	The pirate's banjo is yellow	The nurse's banjo is yellow	The pirate's banjo is yellow. The nurse's banjo is yellow.
Set3	same object	English_Prime	s-genitive_Prime	of-genitive_Target	English_Target	The pirate's banjo is yellow	The banjo of the nurse is yellow	The pirate's banjo is yellow. The banjo of the nurse is yellow.
Set3	same object	English_Prime	of-genitive_Prime	s-genitive_Target	English_Target	The banjo of the pirate is yellow	The nurse's banjo is yellow	The banjo of the pirate is yellow. The nurse's banjo is yellow.
Set3	same object	English_Prime	of-genitive_Prime	of-genitive_Target	English_Target	The banjo of the pirate is yellow	The banjo of the nurse is yellow	The banjo of the pirate is yellow. The banjo of the nurse is yellow.
Set3	different object	English_Prime	s-genitive_Prime	s-genitive_Target	English_Target	The pirate's mirror is yellow	The nurse's banjo is yellow	The pirate's mirror is yellow. The nurse's banjo is yellow.
Set3	different object	English_Prime	s-genitive_Prime	of-genitive_Target	English_Target	The pirate's mirror is yellow	The banjo of the nurse is yellow	The pirate's mirror is yellow. The banjo of the nurse is yellow.
Set3	different object	English_Prime	of-genitive_Prime	s-genitive_Target	English_Target	The mirror of the pirate is yellow	The nurse's banjo is yellow	The mirror of the pirate is yellow. The nurse's banjo is yellow.
Set3	different object	English_Prime	of-genitive_Prime	of-genitive_Target	English_Target	The mirror of the pirate is yellow	The banjo of the nurse is yellow	The mirror of the pirate is yellow. The banjo of the nurse is yellow.
Set4	same object	English_Prime	s-genitive_Prime	s-genitive_Target	English_Target	The pirate's flashlight is yellow	The nun's flashlight is yellow	The pirate's flashlight is yellow. The nun's flashlight is yellow.
Set4	same object	English_Prime	s-genitive_Prime	of-genitive_Target	English_Target	The pirate's flashlight is yellow	The flashlight of the nun is yellow	The pirate's flashlight is yellow. The flashlight of the nun is yellow.
Set4	same object	English_Prime	of-genitive_Prime	s-genitive_Target	English_Target	The flashlight of the pirate is yellow	The nun's flashlight is yellow	The flashlight of the pirate is yellow. The nun's flashlight is yellow.
Set4	same object	English_Prime	of-genitive_Prime	of-genitive_Target	English_Target	The flashlight of the pirate is yellow	The flashlight of the nun is yellow	The flashlight of the pirate is yellow. The flashlight of the nun is yellow.
Set4	different object	English_Prime	s-genitive_Prime	s-genitive_Target	English_Target	The pirate's bullet is yellow	The nun's flashlight is yellow	The pirate's bullet is yellow. The nun's flashlight is yellow.
Set4	different object	English_Prime	s-genitive_Prime	of-genitive_Target	English_Target	The pirate's bullet is yellow	The flashlight of the nun is yellow	The pirate's bullet is yellow. The flashlight of the nun is yellow.
Set4	different object	English_Prime	of-genitive_Prime	s-genitive_Target	English_Target	The bullet of the pirate is yellow	The nun's flashlight is yellow	The bullet of the pirate is yellow. The nun's flashlight is yellow.
Set4	different object	English_Prime	of-genitive_Prime	of-genitive_Target	English_Target	The bullet of the pirate is yellow	The flashlight of the nun is yellow	The bullet of the pirate is yellow. The flashlight of the nun is yellow.
Set5	same object	English_Prime	s-genitive_Prime	s-genitive_Target	English_Target	The boy's beard is red	The wizard's beard is red	The boy's beard is red. The wizard's beard is red.
Set5	same object	English_Prime	s-genitive_Prime	of-genitive_Target	English_Target	The boy's beard is red	The beard of the wizard is red	The boy's beard is red. The beard of the wizard is red.
Set5	same object	English_Prime	of-genitive_Prime	s-genitive_Target	English_Target	The beard of the boy is red	The wizard's beard is red	The beard of the boy is red. The wizard's beard is red.
Set5	same object	English_Prime	of-genitive_Prime	of-genitive_Target	English_Target	The beard of the boy is red	The beard of the wizard is red	The beard of the boy is red. The beard of the wizard is red.
Set5	different object	English_Prime	s-genitive_Prime	s-genitive_Target	English_Target	The boy's corn is red	The wizard's beard is red	The boy's corn is red. The wizard's beard is red.
Set5	different object	English_Prime	s-genitive_Prime	of-genitive_Target	English_Target	The boy's corn is red	The beard of the wizard is red	The boy's corn is red. The beard of the wizard is red.
Set5	different object	English_Prime	of-genitive_Prime	s-genitive_Target	English_Target	The corn of the boy is red	The wizard's beard is red	The corn of the boy is red. The wizard's beard is red.
Set5	different object	English_Prime	of-genitive_Prime	of-genitive_Target	English_Target	The corn of the boy is red	The beard of the wizard is red	The corn of the boy is red. The beard of the wizard is red.
Set6	same object	English_Prime	s-genitive_Prime	s-genitive_Target	English_Target	The boy's duck is red	The witch's duck is red	The boy's duck is red. The witch's duck is red.
Set6	same object	English_Prime	s-genitive_Prime	of-genitive_Target	English_Target	The boy's duck is red	The red of the witch is red	The boy's duck is red. The red of the witch is red.
Set6	same object	English_Prime	of-genitive_Prime	s-genitive_Target	English_Target	The duck of the boy is red	The witch's duck is red	The duck of the boy is red. The witch's duck is red.
Set6	same object	English_Prime	of-genitive_Prime	of-genitive_Target	English_Target	The duck of the boy is red	The red of the witch is red	The duck of the boy is red. The red of the witch is red.
Set6	different object	English_Prime	s-genitive_Prime	s-genitive_Target	English_Target	The boy's cheese is red	The witch's duck is red	The boy's cheese is red. The witch's duck is red.
Set6	different object	English_Prime	s-genitive_Prime	of-genitive_Target	English_Target	The boy's cheese is red	The red of the witch is red	The boy's cheese is red. The red of the witch is red.
Set6	different object	English_Prime	of-genitive_Prime	s-genitive_Target	English_Target	The cheese of the boy is red	The witch's duck is red	The cheese of the boy is red. The witch's duck is red.
Set6	different object	English_Prime	of-genitive_Prime	of-genitive_Target	English_Target	The cheese of the boy is red	The red of the witch is red	The cheese of the boy is red. The red of the witch is red.
Set7	same object	English_Prime	s-genitive_Prime	s-genitive_Target	English_Target	The nun's bear is blue	The witch's bear is blue	The nun's bear is blue. The witch's bear is blue.
Set7	same object	English_Prime	s-genitive_Prime	of-genitive_Target	English_Target	The nun's bear is blue	The bear of the witch is blue	The nun's bear is blue. The bear of the witch is blue.
Set7	same object	English_Prime	of-genitive_Prime	s-genitive_Target	English_Target	The bear of the nun is blue	The witch's bear is blue	The bear of the nun is blue. The witch's bear is blue.
Set7	same object	English_Prime	of-genitive_Prime	of-genitive_Target	English_Target	The bear of the nun is blue	The bear of the witch is blue	The bear of the nun is blue. The bear of the witch is blue.
Set7	different object	English_Prime	s-genitive_Prime	s-genitive_Target	English_Target	The nun's brush is blue	The witch's bear is blue	The nun's brush is blue. The witch's bear is blue.
Set7	different object	English_Prime	s-genitive_Prime	of-genitive_Target	English_Target	The nun's brush is blue	The bear of the witch is blue	The nun's brush is blue. The bear of the witch is blue.
Set7	different object	English_Prime	of-genitive_Prime	s-genitive_Target	English_Target	The brush of the nun is blue	The witch's bear is blue	The brush of the nun is blue. The witch's bear is blue.
Set7	different object	English_Prime	of-genitive_Prime	of-genitive_Target	English_Target	The brush of the nun is blue	The bear of the witch is blue	The brush of the nun is blue. The bear of the witch is blue.
Set8	same object	English_Prime	s-genitive_Prime	s-genitive_Target	English_Target	The wizard's doll is blue	The boy's doll is blue	The wizard's doll is blue. The boy's doll is blue.
Set8	same object	English_Prime	s-genitive_Prime	of-genitive_Target	English_Target	The wizard's doll is blue	The doll of the boy is blue	The wizard's doll is blue. The doll of the boy is blue.
Set8	same object	English_Prime	of-genitive_Prime	s-genitive_Target	English_Target	The doll of the wizard is blue	The boy's doll is blue	The doll of the wizard is blue. The boy's doll is blue.
Set8	same object	English_Prime	of-genitive_Prime	of-genitive_Target	English_Target	The doll of the wizard is blue	The doll of the boy is blue	The doll of the wizard is blue. The doll of the boy is blue.
Set8	different object	English_Prime	s-genitive_Prime	s-genitive_Target	English_Target	The wizard's rope is blue	The boy's doll is blue	The wizard's rope is blue. The boy's doll is blue.
Set8	different object	English_Prime	s-genitive_Prime	of-genitive_Target	English_Target	The wizard's rope is blue	The doll of the boy is blue	The wizard's rope is blue. The doll of the boy is blue.
Set8	different object	English_Prime	of-genitive_Prime	s-genitive_Target	English_Target	The rope of the wizard is blue	The boy's doll is blue	The rope of the wizard is blue. The boy's doll is blue.
Set8	different object	English_Prime	of-genitive_Prime	of-genitive_Target	English_Target	The rope of the wizard is blue	The doll of the boy is blue	The rope of the wizard is blue. The doll of the boy is blue.
Set9	same object	English_Prime	s-genitive_Prime	s-genitive_Target	English_Target	The witch's barbecue is green	The pirate's barbecue is green	The witch's barbecue is green. The pirate's barbecue is green.
Set9	same object	English_Prime	s-genitive_Prime	of-genitive_Target	English_Target	The witch's barbecue is green	The barbecue of the pirate is green	The witch's barbecue is green. The barbecue of the pirate is green.
Set9	same object	English_Prime	of-genitive_Prime	s-genitive_Target	English_Target	The barbecue of the witch is green	The pirate's barbecue is green	The barbecue of the witch is green. The pirate's barbecue is green.
Set9	same object	English_Prime	of-genitive_Prime	of-genitive_Target	English_Target	The barbecue of the witch is green	The barbecue of the pirate is green	The barbecue of the witch is green. The barbecue of the pirate is green.
Set9	different object	English_Prime	s-genitive_Prime	s-genitive_Target	English_Target	The witch's clothespin is green	The pirate's barbecue is green	The witch's clothespin is green. The pirate's barbecue is green.
Set9	different object	English_Prime	s-genitive_Prime	of-genitive_Target	English_Target	The witch's clothespin is green	The barbecue of the pirate is green	The witch's clothespin is green. The barbecue of the pirate is green.
Set9	different object	English_Prime	of-genitive_Prime	s-genitive_Target	English_Target	The clothespin of the witch is green	The pirate's barbecue is green	The clothespin of the witch is green. The pirate's barbecue is green.
Set9	different object	English_Prime	of-genitive_Prime	of-genitive_Target	English_Target	The clothespin of the witch is green	The barbecue of the pirate is green	The clothespin of the witch is green. The barbecue of the pirate is green.
Set10	same object	English_Prime	s-genitive_Prime	s-genitive_Target	English_Target	The nurse's pineapple is red	The girl's pineapple is red	The nurse's pineapple is red. The girl's pineapple is red.
Set10	same object	English_Prime	s-genitive_Prime	of-genitive_Target	English_Target	The nurse's pineapple is red	The pinapple of the girl is red	The nurse's pineapple is red. The pinapple of the girl is red.
Set10	same object	English_Prime	of-genitive_Prime	s-genitive_Target	English_Target	The pineapple of the nurse is red	The girl's pineapple is red	The pineapple of the nurse is red. The girl's pineapple is red.
Set10	same object	English_Prime	of-genitive_Prime	of-genitive_Target	English_Target	The pineapple of the nurse is red	The pinapple of the girl is red	The pineapple of the nurse is red. The pinapple of the girl is red.
Set10	different object	English_Prime	s-genitive_Prime	s-genitive_Target	English_Target	The nurse's umbrella is red	The girl's pineapple is red	The nurse's umbrella is red. The girl's pineapple is red.
Set10	different object	English_Prime	s-genitive_Prime	of-genitive_Target	English_Target	The nurse's umbrella is red	The pinapple of the girl is red	The nurse's umbrella is red. The pinapple of the girl is red.
Set10	different object	English_Prime	of-genitive_Prime	s-genitive_Target	English_Target	The umbrella of the nurse is red	The girl's pineapple is red	The umbrella of the nurse is red. The girl's pineapple is red.
Set10	different object	English_Prime	of-genitive_Prime	of-genitive_Target	English_Target	The umbrella of the nurse is red	The pinapple of the girl is red	The umbrella of the nurse is red. The pinapple of the girl is red.
Set11	same object	English_Prime	s-genitive_Prime	s-genitive_Target	English_Target	The wizard's bomb is red	The nurse's bomb is red	The wizard's bomb is red. The nurse's bomb is red.
Set11	same object	English_Prime	s-genitive_Prime	of-genitive_Target	English_Target	The wizard's bomb is red	The bomb of the nurse is red	The wizard's bomb is red. The bomb of the nurse is red.
Set11	same object	English_Prime	of-genitive_Prime	s-genitive_Target	English_Target	The bomb of the wizard is red	The nurse's bomb is red	The bomb of the wizard is red. The nurse's bomb is red.
Set11	same object	English_Prime	of-genitive_Prime	of-genitive_Target	English_Target	The bomb of the wizard is red	The bomb of the nurse is red	The bomb of the wizard is red. The bomb of the nurse is red.
Set11	different object	English_Prime	s-genitive_Prime	s-genitive_Target	English_Target	The wizard's cake is red	The nurse's bomb is red	The wizard's cake is red. The nurse's bomb is red.
Set11	different object	English_Prime	s-genitive_Prime	of-genitive_Target	English_Target	The wizard's cake is red	The bomb of the nurse is red	The wizard's cake is red. The bomb of the nurse is red.
Set11	different object	English_Prime	of-genitive_Prime	s-genitive_Target	English_Target	The cake of the wizard is red	The nurse's bomb is red	The cake of the wizard is red. The nurse's bomb is red.
Set11	different object	English_Prime	of-genitive_Prime	of-genitive_Target	English_Target	The cake of the wizard is red	The bomb of the nurse is red	The cake of the wizard is red. The bomb of the nurse is red.
Set12	same object	English_Prime	s-genitive_Prime	s-genitive_Target	English_Target	The boy's belt is green	The nurse's belt is green	The boy's belt is green. The nurse's belt is green.
Set12	same object	English_Prime	s-genitive_Prime	of-genitive_Target	English_Target	The boy's belt is green	The belt of the nurse is green	The boy's belt is green. The belt of the nurse is green.
Set12	same object	English_Prime	of-genitive_Prime	s-genitive_Target	English_Target	The belt of the boy is green	The nurse's belt is green	The belt of the boy is green. The nurse's belt is green.
Set12	same object	English_Prime	of-genitive_Prime	of-genitive_Target	English_Target	The belt of the boy is green	The belt of the nurse is green	The belt of the boy is green. The belt of the nurse is green.
Set12	different object	English_Prime	s-genitive_Prime	s-genitive_Target	English_Target	The boy's stone is green	The nurse's belt is green	The boy's stone is green. The nurse's belt is green.
Set12	different object	English_Prime	s-genitive_Prime	of-genitive_Target	English_Target	The boy's stone is green	The belt of the nurse is green	The boy's stone is green. The belt of the nurse is green.
Set12	different object	English_Prime	of-genitive_Prime	s-genitive_Target	English_Target	The green of the boy is green	The nurse's belt is green	The green of the boy is green. The nurse's belt is green.
Set12	different object	English_Prime	of-genitive_Prime	of-genitive_Target	English_Target	The green of the boy is green	The belt of the nurse is green	The green of the boy is green. The belt of the nurse is green.
Set13	same object	English_Prime	s-genitive_Prime	s-genitive_Target	English_Target	The nurse's fork is green	The girl's fork is green	The nurse's fork is green. The girl's fork is green.
Set13	same object	English_Prime	s-genitive_Prime	of-genitive_Target	English_Target	The nurse's fork is green	The fork of the girl is green	The nurse's fork is green. The fork of the girl is green.
Set13	same object	English_Prime	of-genitive_Prime	s-genitive_Target	English_Target	The fork of the nurse is green	The girl's fork is green	The fork of the nurse is green. The girl's fork is green.
Set13	same object	English_Prime	of-genitive_Prime	of-genitive_Target	English_Target	The fork of the nurse is green	The fork of the girl is green	The fork of the nurse is green. The fork of the girl is green.
Set13	different object	English_Prime	s-genitive_Prime	s-genitive_Target	English_Target	The nurse's tree is green	The girl's fork is green	The nurse's tree is green. The girl's fork is green.
Set13	different object	English_Prime	s-genitive_Prime	of-genitive_Target	English_Target	The nurse's tree is green	The fork of the girl is green	The nurse's tree is green. The fork of the girl is green.
Set13	different object	English_Prime	of-genitive_Prime	s-genitive_Target	English_Target	The tree of the nurse is green	The girl's fork is green	The tree of the nurse is green. The girl's fork is green.
Set13	different object	English_Prime	of-genitive_Prime	of-genitive_Target	English_Target	The tree of the nurse is green	The fork of the girl is green	The tree of the nurse is green. The fork of the girl is green.
Set14	same object	English_Prime	s-genitive_Prime	s-genitive_Target	English_Target	The boy's scarf is yellow	The priest's scarf is yellow	The boy's scarf is yellow. The priest's scarf is yellow.
Set14	same object	English_Prime	s-genitive_Prime	of-genitive_Target	English_Target	The boy's scarf is yellow	The scarf of the priest is yellow	The boy's scarf is yellow. The scarf of the priest is yellow.
Set14	same object	English_Prime	of-genitive_Prime	s-genitive_Target	English_Target	The scarf of the boy is yellow	The priest's scarf is yellow	The scarf of the boy is yellow. The priest's scarf is yellow.
Set14	same object	English_Prime	of-genitive_Prime	of-genitive_Target	English_Target	The scarf of the boy is yellow	The scarf of the priest is yellow	The scarf of the boy is yellow. The scarf of the priest is yellow.
Set14	different object	English_Prime	s-genitive_Prime	s-genitive_Target	English_Target	The boy's saw is yellow	The priest's scarf is yellow	The boy's saw is yellow. The priest's scarf is yellow.
Set14	different object	English_Prime	s-genitive_Prime	of-genitive_Target	English_Target	The boy's saw is yellow	The scarf of the priest is yellow	The boy's saw is yellow. The scarf of the priest is yellow.
Set14	different object	English_Prime	of-genitive_Prime	s-genitive_Target	English_Target	The saw of the boy is yellow	The priest's scarf is yellow	The saw of the boy is yellow. The priest's scarf is yellow.
Set14	different object	English_Prime	of-genitive_Prime	of-genitive_Target	English_Target	The saw of the boy is yellow	The scarf of the priest is yellow	The saw of the boy is yellow. The scarf of the priest is yellow.
Set15	same object	English_Prime	s-genitive_Prime	s-genitive_Target	English_Target	The priest's giraffe is red	The pirate's giraffe is red	The priest's giraffe is red. The pirate's giraffe is red.
Set15	same object	English_Prime	s-genitive_Prime	of-genitive_Target	English_Target	The priest's giraffe is red	The giraffe of the pirate is red	The priest's giraffe is red. The giraffe of the pirate is red.
Set15	same object	English_Prime	of-genitive_Prime	s-genitive_Target	English_Target	The giraffe of the priest is red	The pirate's giraffe is red	The giraffe of the priest is red. The pirate's giraffe is red.
Set15	same object	English_Prime	of-genitive_Prime	of-genitive_Target	English_Target	The giraffe of the priest is red	The giraffe of the pirate is red	The giraffe of the priest is red. The giraffe of the pirate is red.
Set15	different object	English_Prime	s-genitive_Prime	s-genitive_Target	English_Target	The priest's pillow is red	The pirate's giraffe is red	The priest's pillow is red. The pirate's giraffe is red.
Set15	different object	English_Prime	s-genitive_Prime	of-genitive_Target	English_Target	The priest's pillow is red	The giraffe of the pirate is red	The priest's pillow is red. The giraffe of the pirate is red.
Set15	different object	English_Prime	of-genitive_Prime	s-genitive_Target	English_Target	The pillow of the priest is red	The pirate's giraffe is red	The pillow of the priest is red. The pirate's giraffe is red.
Set15	different object	English_Prime	of-genitive_Prime	of-genitive_Target	English_Target	The pillow of the priest is red	The giraffe of the pirate is red	The pillow of the priest is red. The giraffe of the pirate is red.
Set16	same object	English_Prime	s-genitive_Prime	s-genitive_Target	English_Target	The priest's jump rope is yellow	The boy's jump rope is yellow	The priest's jump rope is yellow. The boy's jump rope is yellow.
Set16	same object	English_Prime	s-genitive_Prime	of-genitive_Target	English_Target	The priest's jump rope is yellow	The jump rope of the boy is yellow	The priest's jump rope is yellow. The jump rope of the boy is yellow.
Set16	same object	English_Prime	of-genitive_Prime	s-genitive_Target	English_Target	The jump rope of the priest is yellow	The boy's jump rope is yellow	The jump rope of the priest is yellow. The boy's jump rope is yellow.
Set16	same object	English_Prime	of-genitive_Prime	of-genitive_Target	English_Target	The jump rope of the priest is yellow	The jump rope of the boy is yellow	The jump rope of the priest is yellow. The jump rope of the boy is yellow.
Set16	different object	English_Prime	s-genitive_Prime	s-genitive_Target	English_Target	The priest's trophy is yellow	The boy's jump rope is yellow	The priest's trophy is yellow. The boy's jump rope is yellow.
Set16	different object	English_Prime	s-genitive_Prime	of-genitive_Target	English_Target	The priest's trophy is yellow	The jump rope of the boy is yellow	The priest's trophy is yellow. The jump rope of the boy is yellow.
Set16	different object	English_Prime	of-genitive_Prime	s-genitive_Target	English_Target	The trophy of the priest is yellow	The boy's jump rope is yellow	The trophy of the priest is yellow. The boy's jump rope is yellow.
Set16	different object	English_Prime	of-genitive_Prime	of-genitive_Target	English_Target	The trophy of the priest is yellow	The jump rope of the boy is yellow	The trophy of the priest is yellow. The jump rope of the boy is yellow.
Set17	same object	English_Prime	s-genitive_Prime	s-genitive_Target	English_Target	The witch's glass is blue	The nurse's glass is blue	The witch's glass is blue. The nurse's glass is blue.
Set17	same object	English_Prime	s-genitive_Prime	of-genitive_Target	English_Target	The witch's glass is blue	The glass of the nurse is blue	The witch's glass is blue. The glass of the nurse is blue.
Set17	same object	English_Prime	of-genitive_Prime	s-genitive_Target	English_Target	The glass of the witch is blue	The nurse's glass is blue	The glass of the witch is blue. The nurse's glass is blue.
Set17	same object	English_Prime	of-genitive_Prime	of-genitive_Target	English_Target	The glass of the witch is blue	The glass of the nurse is blue	The glass of the witch is blue. The glass of the nurse is blue.
Set17	different object	English_Prime	s-genitive_Prime	s-genitive_Target	English_Target	The witch's axe is blue	The nurse's glass is blue	The witch's axe is blue. The nurse's glass is blue.
Set17	different object	English_Prime	s-genitive_Prime	of-genitive_Target	English_Target	The witch's axe is blue	The glass of the nurse is blue	The witch's axe is blue. The glass of the nurse is blue.
Set17	different object	English_Prime	of-genitive_Prime	s-genitive_Target	English_Target	The axe of the witch is blue	The nurse's glass is blue	The axe of the witch is blue. The nurse's glass is blue.
Set17	different object	English_Prime	of-genitive_Prime	of-genitive_Target	English_Target	The axe of the witch is blue	The glass of the nurse is blue	The axe of the witch is blue. The glass of the nurse is blue.
Set18	same object	English_Prime	s-genitive_Prime	s-genitive_Target	English_Target	The girl's bag is green	The nurse's bag is green	The girl's bag is green. The nurse's bag is green.
Set18	same object	English_Prime	s-genitive_Prime	of-genitive_Target	English_Target	The girl's bag is green	The bag of the nurse is green	The girl's bag is green. The bag of the nurse is green.
Set18	same object	English_Prime	of-genitive_Prime	s-genitive_Target	English_Target	The bag of the girl is green	The nurse's bag is green	The bag of the girl is green. The nurse's bag is green.
Set18	same object	English_Prime	of-genitive_Prime	of-genitive_Target	English_Target	The bag of the girl is green	The bag of the nurse is green	The bag of the girl is green. The bag of the nurse is green.
Set18	different object	English_Prime	s-genitive_Prime	s-genitive_Target	English_Target	The girl's screw is green	The nurse's bag is green	The girl's screw is green. The nurse's bag is green.
Set18	different object	English_Prime	s-genitive_Prime	of-genitive_Target	English_Target	The girl's screw is green	The bag of the nurse is green	The girl's screw is green. The bag of the nurse is green.
Set18	different object	English_Prime	of-genitive_Prime	s-genitive_Target	English_Target	The screw of the girl is green	The nurse's bag is green	The screw of the girl is green. The nurse's bag is green.
Set18	different object	English_Prime	of-genitive_Prime	of-genitive_Target	English_Target	The screw of the girl is green	The bag of the nurse is green	The screw of the girl is green. The bag of the nurse is green.
Set19	same object	English_Prime	s-genitive_Prime	s-genitive_Target	English_Target	The boy's guitar is green	The wizard's guitar is green	The boy's guitar is green. The wizard's guitar is green.
Set19	same object	English_Prime	s-genitive_Prime	of-genitive_Target	English_Target	The boy's guitar is green	The guitar of the wizard is green	The boy's guitar is green. The guitar of the wizard is green.
Set19	same object	English_Prime	of-genitive_Prime	s-genitive_Target	English_Target	The guitar of the boy is green	The wizard's guitar is green	The guitar of the boy is green. The wizard's guitar is green.
Set19	same object	English_Prime	of-genitive_Prime	of-genitive_Target	English_Target	The guitar of the boy is green	The guitar of the wizard is green	The guitar of the boy is green. The guitar of the wizard is green.
Set19	different object	English_Prime	s-genitive_Prime	s-genitive_Target	English_Target	The boy's donkey is green	The wizard's guitar is green	The boy's donkey is green. The wizard's guitar is green.
Set19	different object	English_Prime	s-genitive_Prime	of-genitive_Target	English_Target	The boy's donkey is green	The guitar of the wizard is green	The boy's donkey is green. The guitar of the wizard is green.
Set19	different object	English_Prime	of-genitive_Prime	s-genitive_Target	English_Target	The donkey of the boy is green	The wizard's guitar is green	The donkey of the boy is green. The wizard's guitar is green.
Set19	different object	English_Prime	of-genitive_Prime	of-genitive_Target	English_Target	The donkey of the boy is green	The guitar of the wizard is green	The donkey of the boy is green. The guitar of the wizard is green.
Set20	same object	English_Prime	s-genitive_Prime	s-genitive_Target	English_Target	The witch's turtle is blue	The priest's turtle is blue	The witch's turtle is blue. The priest's turtle is blue.
Set20	same object	English_Prime	s-genitive_Prime	of-genitive_Target	English_Target	The witch's turtle is blue	The turtle of the priest is blue	The witch's turtle is blue. The turtle of the priest is blue.
Set20	same object	English_Prime	of-genitive_Prime	s-genitive_Target	English_Target	The turtle of the witch is blue	The priest's turtle is blue	The turtle of the witch is blue. The priest's turtle is blue.
Set20	same object	English_Prime	of-genitive_Prime	of-genitive_Target	English_Target	The turtle of the witch is blue	The turtle of the priest is blue	The turtle of the witch is blue. The turtle of the priest is blue.
Set20	different object	English_Prime	s-genitive_Prime	s-genitive_Target	English_Target	The witch's airplane is blue	The priest's turtle is blue	The witch's airplane is blue. The priest's turtle is blue.
Set20	different object	English_Prime	s-genitive_Prime	of-genitive_Target	English_Target	The witch's airplane is blue	The turtle of the priest is blue	The witch's airplane is blue. The turtle of the priest is blue.
Set20	different object	English_Prime	of-genitive_Prime	s-genitive_Target	English_Target	The airplane of the witch is blue	The priest's turtle is blue	The airplane of the witch is blue. The priest's turtle is blue.
Set20	different object	English_Prime	of-genitive_Prime	of-genitive_Target	English_Target	The airplane of the witch is blue	The turtle of the priest is blue	The airplane of the witch is blue. The turtle of the priest is blue.
Set21	same object	English_Prime	s-genitive_Prime	s-genitive_Target	English_Target	The wizard's hand is yellow	The priest's hand is yellow	The wizard's hand is yellow. The priest's hand is yellow.
Set21	same object	English_Prime	s-genitive_Prime	of-genitive_Target	English_Target	The wizard's hand is yellow	The hand of the priest is yellow	The wizard's hand is yellow. The hand of the priest is yellow.
Set21	same object	English_Prime	of-genitive_Prime	s-genitive_Target	English_Target	The hand of wizard is yellow	The priest's hand is yellow	The hand of wizard is yellow. The priest's hand is yellow.
Set21	same object	English_Prime	of-genitive_Prime	of-genitive_Target	English_Target	The hand of wizard is yellow	The hand of the priest is yellow	The hand of wizard is yellow. The hand of the priest is yellow.
Set21	different object	English_Prime	s-genitive_Prime	s-genitive_Target	English_Target	The wizard's box is yellow	The priest's hand is yellow	The wizard's box is yellow. The priest's hand is yellow.
Set21	different object	English_Prime	s-genitive_Prime	of-genitive_Target	English_Target	The wizard's box is yellow	The hand of the priest is yellow	The wizard's box is yellow. The hand of the priest is yellow.
Set21	different object	English_Prime	of-genitive_Prime	s-genitive_Target	English_Target	The box of the wizard is yellow	The priest's hand is yellow	The box of the wizard is yellow. The priest's hand is yellow.
Set21	different object	English_Prime	of-genitive_Prime	of-genitive_Target	English_Target	The box of the wizard is yellow	The hand of the priest is yellow	The box of the wizard is yellow. The hand of the priest is yellow.
Set22	same object	English_Prime	s-genitive_Prime	s-genitive_Target	English_Target	The girl's eye is green	The witch's eye is green	The girl's eye is green. The witch's eye is green.
Set22	same object	English_Prime	s-genitive_Prime	of-genitive_Target	English_Target	The girl's eye is green	The eye of the witch is green	The girl's eye is green. The eye of the witch is green.
Set22	same object	English_Prime	of-genitive_Prime	s-genitive_Target	English_Target	The eye of the girl is green	The witch's eye is green	The eye of the girl is green. The witch's eye is green.
Set22	same object	English_Prime	of-genitive_Prime	of-genitive_Target	English_Target	The eye of the girl is green	The eye of the witch is green	The eye of the girl is green. The eye of the witch is green.
Set22	different object	English_Prime	s-genitive_Prime	s-genitive_Target	English_Target	The girl's snail is green	The witch's eye is green	The girl's snail is green. The witch's eye is green.
Set22	different object	English_Prime	s-genitive_Prime	of-genitive_Target	English_Target	The girl's snail is green	The eye of the witch is green	The girl's snail is green. The eye of the witch is green.
Set22	different object	English_Prime	of-genitive_Prime	s-genitive_Target	English_Target	The snail of the girl is green	The witch's eye is green	The snail of the girl is green. The witch's eye is green.
Set22	different object	English_Prime	of-genitive_Prime	of-genitive_Target	English_Target	The snail of the girl is green	The eye of the witch is green	The snail of the girl is green. The eye of the witch is green.
Set23	same object	English_Prime	s-genitive_Prime	s-genitive_Target	English_Target	The nun's heart is blue	The girl's heart is blue	The nun's heart is blue. The girl's heart is blue.
Set23	same object	English_Prime	s-genitive_Prime	of-genitive_Target	English_Target	The nun's heart is blue	The heart of the girl is blue	The nun's heart is blue. The heart of the girl is blue.
Set23	same object	English_Prime	of-genitive_Prime	s-genitive_Target	English_Target	The heart of the nun is blue	The girl's heart is blue	The heart of the nun is blue. The girl's heart is blue.
Set23	same object	English_Prime	of-genitive_Prime	of-genitive_Target	English_Target	The heart of the nun is blue	The heart of the girl is blue	The heart of the nun is blue. The heart of the girl is blue.
Set23	different object	English_Prime	s-genitive_Prime	s-genitive_Target	English_Target	The nun's ant is blue	The girl's heart is blue	The nun's ant is blue. The girl's heart is blue.
Set23	different object	English_Prime	s-genitive_Prime	of-genitive_Target	English_Target	The nun's ant is blue	The heart of the girl is blue	The nun's ant is blue. The heart of the girl is blue.
Set23	different object	English_Prime	of-genitive_Prime	s-genitive_Target	English_Target	The ant of the nun is blue	The girl's heart is blue	The ant of the nun is blue. The girl's heart is blue.
Set23	different object	English_Prime	of-genitive_Prime	of-genitive_Target	English_Target	The ant of the nun is blue	The heart of the girl is blue	The ant of the nun is blue. The heart of the girl is blue.
Set24	same object	English_Prime	s-genitive_Prime	s-genitive_Target	English_Target	The nurse's church is yellow	The pirate's church is yellow	The nurse's church is yellow. The pirate's church is yellow.
Set24	same object	English_Prime	s-genitive_Prime	of-genitive_Target	English_Target	The nurse's church is yellow	The church of the pirate is yellow	The nurse's church is yellow. The church of the pirate is yellow.
Set24	same object	English_Prime	of-genitive_Prime	s-genitive_Target	English_Target	The church of the nurse is yellow	The pirate's church is yellow	The church of the nurse is yellow. The pirate's church is yellow.
Set24	same object	English_Prime	of-genitive_Prime	of-genitive_Target	English_Target	The church of the nurse is yellow	The church of the pirate is yellow	The church of the nurse is yellow. The church of the pirate is yellow.
Set24	different object	English_Prime	s-genitive_Prime	s-genitive_Target	English_Target	The nurse's sock is yellow	The pirate's church is yellow	The nurse's sock is yellow. The pirate's church is yellow.
Set24	different object	English_Prime	s-genitive_Prime	of-genitive_Target	English_Target	The nurse's sock is yellow	The church of the pirate is yellow	The nurse's sock is yellow. The church of the pirate is yellow.
Set24	different object	English_Prime	of-genitive_Prime	s-genitive_Target	English_Target	The sock of the nurse is yellow	The pirate's church is yellow	The sock of the nurse is yellow. The pirate's church is yellow.
Set24	different object	English_Prime	of-genitive_Prime	of-genitive_Target	English_Target	The sock of the nurse is yellow	The church of the pirate is yellow	The sock of the nurse is yellow. The church of the pirate is yellow.
Set25	same object	English_Prime	s-genitive_Prime	s-genitive_Target	English_Target	The priest's ladder is green	The girl's ladder is green	The priest's ladder is green. The girl's ladder is green.
Set25	same object	English_Prime	s-genitive_Prime	of-genitive_Target	English_Target	The priest's ladder is green	The ladder of the girl is green	The priest's ladder is green. The ladder of the girl is green.
Set25	same object	English_Prime	of-genitive_Prime	s-genitive_Target	English_Target	The ladder of the priest is green	The girl's ladder is green	The ladder of the priest is green. The girl's ladder is green.
Set25	same object	English_Prime	of-genitive_Prime	of-genitive_Target	English_Target	The ladder of the priest is green	The ladder of the girl is green	The ladder of the priest is green. The ladder of the girl is green.
Set25	different object	English_Prime	s-genitive_Prime	s-genitive_Target	English_Target	The priest's snowman is green	The girl's ladder is green	The priest's snowman is green. The girl's ladder is green.
Set25	different object	English_Prime	s-genitive_Prime	of-genitive_Target	English_Target	The priest's snowman is green	The ladder of the girl is green	The priest's snowman is green. The ladder of the girl is green.
Set25	different object	English_Prime	of-genitive_Prime	s-genitive_Target	English_Target	The snowman of the priest is green	The girl's ladder is green	The snowman of the priest is green. The girl's ladder is green.
Set25	different object	English_Prime	of-genitive_Prime	of-genitive_Target	English_Target	The snowman of the priest is green	The ladder of the girl is green	The snowman of the priest is green. The ladder of the girl is green.
Set26	same object	English_Prime	s-genitive_Prime	s-genitive_Target	English_Target	The nun's lemon is blue	The boy's lemon is blue	The nun's lemon is blue. The boy's lemon is blue.
Set26	same object	English_Prime	s-genitive_Prime	of-genitive_Target	English_Target	The nun's lemon is blue	The lemon of the boy is blue	The nun's lemon is blue. The lemon of the boy is blue.
Set26	same object	English_Prime	of-genitive_Prime	s-genitive_Target	English_Target	The lemon of the nun is blue	The boy's lemon is blue	The lemon of the nun is blue. The boy's lemon is blue.
Set26	same object	English_Prime	of-genitive_Prime	of-genitive_Target	English_Target	The lemon of the nun is blue	The lemon of the boy is blue	The lemon of the nun is blue. The lemon of the boy is blue.
Set26	different object	English_Prime	s-genitive_Prime	s-genitive_Target	English_Target	The nun's kettle is blue	The boy's lemon is blue	The nun's kettle is blue. The boy's lemon is blue.
Set26	different object	English_Prime	s-genitive_Prime	of-genitive_Target	English_Target	The nun's kettle is blue	The lemon of the boy is blue	The nun's kettle is blue. The lemon of the boy is blue.
Set26	different object	English_Prime	of-genitive_Prime	s-genitive_Target	English_Target	The kettle of the nun is blue	The boy's lemon is blue	The kettle of the nun is blue. The boy's lemon is blue.
Set26	different object	English_Prime	of-genitive_Prime	of-genitive_Target	English_Target	The kettle of the nun is blue	The lemon of the boy is blue	The kettle of the nun is blue. The lemon of the boy is blue.
Set27	same object	English_Prime	s-genitive_Prime	s-genitive_Target	English_Target	The nurse's nest is red	The wizard's nest is red	The nurse's nest is red. The wizard's nest is red.
Set27	same object	English_Prime	s-genitive_Prime	of-genitive_Target	English_Target	The nurse's nest is red	The nest of the wizard is red	The nurse's nest is red. The nest of the wizard is red.
Set27	same object	English_Prime	of-genitive_Prime	s-genitive_Target	English_Target	The nest of the nurse is red	The wizard's nest is red	The nest of the nurse is red. The wizard's nest is red.
Set27	same object	English_Prime	of-genitive_Prime	of-genitive_Target	English_Target	The nest of the nurse is red	The nest of the wizard is red	The nest of the nurse is red. The nest of the wizard is red.
Set27	different object	English_Prime	s-genitive_Prime	s-genitive_Target	English_Target	The nurse's bone is red	The wizard's nest is red	The nurse's bone is red. The wizard's nest is red.
Set27	different object	English_Prime	s-genitive_Prime	of-genitive_Target	English_Target	The nurse's bone is red	The nest of the wizard is red	The nurse's bone is red. The nest of the wizard is red.
Set27	different object	English_Prime	of-genitive_Prime	s-genitive_Target	English_Target	The bone of the nurse is red	The wizard's nest is red	The bone of the nurse is red. The wizard's nest is red.
Set27	different object	English_Prime	of-genitive_Prime	of-genitive_Target	English_Target	The bone of the nurse is red	The nest of the wizard is red	The bone of the nurse is red. The nest of the wizard is red.
Set28	same object	English_Prime	s-genitive_Prime	s-genitive_Target	English_Target	The nun's cage is red	The pirate's cage is red	The nun's cage is red. The pirate's cage is red.
Set28	same object	English_Prime	s-genitive_Prime	of-genitive_Target	English_Target	The nun's cage is red	The cage of the pirate is red	The nun's cage is red. The cage of the pirate is red.
Set28	same object	English_Prime	of-genitive_Prime	s-genitive_Target	English_Target	The cage of the nun is red	The pirate's cage is red	The cage of the nun is red. The pirate's cage is red.
Set28	same object	English_Prime	of-genitive_Prime	of-genitive_Target	English_Target	The cage of the nun is red	The cage of the pirate is red	The cage of the nun is red. The cage of the pirate is red.
Set28	different object	English_Prime	s-genitive_Prime	s-genitive_Target	English_Target	The nun's dog is red	The pirate's cage is red	The nun's dog is red. The pirate's cage is red.
Set28	different object	English_Prime	s-genitive_Prime	of-genitive_Target	English_Target	The nun's dog is red	The cage of the pirate is red	The nun's dog is red. The cage of the pirate is red.
Set28	different object	English_Prime	of-genitive_Prime	s-genitive_Target	English_Target	The dog of the nun is red	The pirate's cage is red	The dog of the nun is red. The pirate's cage is red.
Set28	different object	English_Prime	of-genitive_Prime	of-genitive_Target	English_Target	The dog of the nun is red	The cage of the pirate is red	The dog of the nun is red. The cage of the pirate is red.
Set29	same object	English_Prime	s-genitive_Prime	s-genitive_Target	English_Target	The witch's pan is yellow	The pirate's pan is yellow	The witch's pan is yellow. The pirate's pan is yellow.
Set29	same object	English_Prime	s-genitive_Prime	of-genitive_Target	English_Target	The witch's pan is yellow	The pan of the pirate is yellow	The witch's pan is yellow. The pan of the pirate is yellow.
Set29	same object	English_Prime	of-genitive_Prime	s-genitive_Target	English_Target	The pan of the witch is yellow	The pirate's pan is yellow	The pan of the witch is yellow. The pirate's pan is yellow.
Set29	same object	English_Prime	of-genitive_Prime	of-genitive_Target	English_Target	The pan of the witch is yellow	The pan of the pirate is yellow	The pan of the witch is yellow. The pan of the pirate is yellow.
Set29	different object	English_Prime	s-genitive_Prime	s-genitive_Target	English_Target	The witch's coat is yellow	The pirate's pan is yellow	The witch's coat is yellow. The pirate's pan is yellow.
Set29	different object	English_Prime	s-genitive_Prime	of-genitive_Target	English_Target	The witch's coat is yellow	The pan of the pirate is yellow	The witch's coat is yellow. The pan of the pirate is yellow.
Set29	different object	English_Prime	of-genitive_Prime	s-genitive_Target	English_Target	The coat of the witch is yellow	The pirate's pan is yellow	The coat of the witch is yellow. The pirate's pan is yellow.
Set29	different object	English_Prime	of-genitive_Prime	of-genitive_Target	English_Target	The coat of the witch is yellow	The pan of the pirate is yellow	The coat of the witch is yellow. The pan of the pirate is yellow.
Set30	same object	English_Prime	s-genitive_Prime	s-genitive_Target	English_Target	The nurse's knife is green	The priest's knife is green	The nurse's knife is green. The priest's knife is green.
Set30	same object	English_Prime	s-genitive_Prime	of-genitive_Target	English_Target	The nurse's knife is green	The knife of the priest is green	The nurse's knife is green. The knife of the priest is green.
Set30	same object	English_Prime	of-genitive_Prime	s-genitive_Target	English_Target	The knife of the nurse is green	The priest's knife is green	The knife of the nurse is green. The priest's knife is green.
Set30	same object	English_Prime	of-genitive_Prime	of-genitive_Target	English_Target	The knife of the nurse is green	The knife of the priest is green	The knife of the nurse is green. The knife of the priest is green.
Set30	different object	English_Prime	s-genitive_Prime	s-genitive_Target	English_Target	The nurse's tooth is green	The priest's knife is green	The nurse's tooth is green. The priest's knife is green.
Set30	different object	English_Prime	s-genitive_Prime	of-genitive_Target	English_Target	The nurse's tooth is green	The knife of the priest is green	The nurse's tooth is green. The knife of the priest is green.
Set30	different object	English_Prime	of-genitive_Prime	s-genitive_Target	English_Target	The tooth of the nurse is green	The priest's knife is green	The tooth of the nurse is green. The priest's knife is green.
Set30	different object	English_Prime	of-genitive_Prime	of-genitive_Target	English_Target	The tooth of the nurse is green	The knife of the priest is green	The tooth of the nurse is green. The knife of the priest is green.
Set31	same object	English_Prime	s-genitive_Prime	s-genitive_Target	English_Target	The wizard's robot is red	The nurse's robot is red	The wizard's robot is red. The nurse's robot is red.
Set31	same object	English_Prime	s-genitive_Prime	of-genitive_Target	English_Target	The wizard's robot is red	The robot of the nurse is red	The wizard's robot is red. The robot of the nurse is red.
Set31	same object	English_Prime	of-genitive_Prime	s-genitive_Target	English_Target	The robot of the wizard is red	The nurse's robot is red	The robot of the wizard is red. The nurse's robot is red.
Set31	same object	English_Prime	of-genitive_Prime	of-genitive_Target	English_Target	The robot of the wizard is red	The robot of the nurse is red	The robot of the wizard is red. The robot of the nurse is red.
Set31	different object	English_Prime	s-genitive_Prime	s-genitive_Target	English_Target	The wizard's suitcase is red	The nurse's robot is red	The wizard's suitcase is red. The nurse's robot is red.
Set31	different object	English_Prime	s-genitive_Prime	of-genitive_Target	English_Target	The wizard's suitcase is red	The robot of the nurse is red	The wizard's suitcase is red. The robot of the nurse is red.
Set31	different object	English_Prime	of-genitive_Prime	s-genitive_Target	English_Target	The suitcase of the wizard is red	The nurse's robot is red	The suitcase of the wizard is red. The nurse's robot is red.
Set31	different object	English_Prime	of-genitive_Prime	of-genitive_Target	English_Target	The suitcase of the wizard is red	The robot of the nurse is red	The suitcase of the wizard is red. The robot of the nurse is red.
Set32	same object	English_Prime	s-genitive_Prime	s-genitive_Target	English_Target	The witch's paintbrush is yellow	The nurse's paintbrush is yellow	The witch's paintbrush is yellow. The nurse's paintbrush is yellow.
Set32	same object	English_Prime	s-genitive_Prime	of-genitive_Target	English_Target	The witch's paintbrush is yellow	The paintbrush of the nurse is yellow	The witch's paintbrush is yellow. The paintbrush of the nurse is yellow.
Set32	same object	English_Prime	of-genitive_Prime	s-genitive_Target	English_Target	The paintbrush of the witch is yellow	The nurse's paintbrush is yellow	The paintbrush of the witch is yellow. The nurse's paintbrush is yellow.
Set32	same object	English_Prime	of-genitive_Prime	of-genitive_Target	English_Target	The paintbrush of the witch is yellow	The paintbrush of the nurse is yellow	The paintbrush of the witch is yellow. The paintbrush of the nurse is yellow.
Set32	different object	English_Prime	s-genitive_Prime	s-genitive_Target	English_Target	The witch's turkey is yellow	The nurse's paintbrush is yellow	The witch's turkey is yellow. The nurse's paintbrush is yellow.
Set32	different object	English_Prime	s-genitive_Prime	of-genitive_Target	English_Target	The witch's turkey is yellow	The paintbrush of the nurse is yellow	The witch's turkey is yellow. The paintbrush of the nurse is yellow.
Set32	different object	English_Prime	of-genitive_Prime	s-genitive_Target	English_Target	The turkey of the witch is yellow	The nurse's paintbrush is yellow	The turkey of the witch is yellow. The nurse's paintbrush is yellow.
Set32	different object	English_Prime	of-genitive_Prime	of-genitive_Target	English_Target	The turkey of the witch is yellow	The paintbrush of the nurse is yellow	The turkey of the witch is yellow. The paintbrush of the nurse is yellow.
Set33	same object	English_Prime	s-genitive_Prime	s-genitive_Target	English_Target	The boy's rose is blue	The priest's rose is blue	The boy's rose is blue. The priest's rose is blue.
Set33	same object	English_Prime	s-genitive_Prime	of-genitive_Target	English_Target	The boy's rose is blue	The rose of the priest is blue	The boy's rose is blue. The rose of the priest is blue.
Set33	same object	English_Prime	of-genitive_Prime	s-genitive_Target	English_Target	The rose of the boy is blue	The priest's rose is blue	The rose of the boy is blue. The priest's rose is blue.
Set33	same object	English_Prime	of-genitive_Prime	of-genitive_Target	English_Target	The rose of the boy is blue	The rose of the priest is blue	The rose of the boy is blue. The rose of the priest is blue.
Set33	different object	English_Prime	s-genitive_Prime	s-genitive_Target	English_Target	The boy's hook is blue	The priest's rose is blue	The boy's hook is blue. The priest's rose is blue.
Set33	different object	English_Prime	s-genitive_Prime	of-genitive_Target	English_Target	The boy's hook is blue	The rose of the priest is blue	The boy's hook is blue. The rose of the priest is blue.
Set33	different object	English_Prime	of-genitive_Prime	s-genitive_Target	English_Target	The hook of the boy is blue	The priest's rose is blue	The hook of the boy is blue. The priest's rose is blue.
Set33	different object	English_Prime	of-genitive_Prime	of-genitive_Target	English_Target	The hook of the boy is blue	The rose of the priest is blue	The hook of the boy is blue. The rose of the priest is blue.
Set34	same object	English_Prime	s-genitive_Prime	s-genitive_Target	English_Target	The pirate's shirt is blue	The boy's shirt is blue	The pirate's shirt is blue. The boy's shirt is blue.
Set34	same object	English_Prime	s-genitive_Prime	of-genitive_Target	English_Target	The pirate's shirt is blue	The shirt of the boy is blue	The pirate's shirt is blue. The shirt of the boy is blue.
Set34	same object	English_Prime	of-genitive_Prime	s-genitive_Target	English_Target	The shirt of the pirate is blue	The boy's shirt is blue	The shirt of the pirate is blue. The boy's shirt is blue.
Set34	same object	English_Prime	of-genitive_Prime	of-genitive_Target	English_Target	The shirt of the pirate is blue	The shirt of the boy is blue	The shirt of the pirate is blue. The shirt of the boy is blue.
Set34	different object	English_Prime	s-genitive_Prime	s-genitive_Target	English_Target	The pirate's thumb is blue	The boy's shirt is blue	The pirate's thumb is blue. The boy's shirt is blue.
Set34	different object	English_Prime	s-genitive_Prime	of-genitive_Target	English_Target	The pirate's thumb is blue	The shirt of the boy is blue	The pirate's thumb is blue. The shirt of the boy is blue.
Set34	different object	English_Prime	of-genitive_Prime	s-genitive_Target	English_Target	The thumb of the pirate is blue	The boy's shirt is blue	The thumb of the pirate is blue. The boy's shirt is blue.
Set34	different object	English_Prime	of-genitive_Prime	of-genitive_Target	English_Target	The thumb of the pirate is blue	The shirt of the boy is blue	The thumb of the pirate is blue. The shirt of the boy is blue.
Set35	same object	English_Prime	s-genitive_Prime	s-genitive_Target	English_Target	The girl's sheep is yellow	The priest's sheep is yellow	The girl's sheep is yellow. The priest's sheep is yellow.
Set35	same object	English_Prime	s-genitive_Prime	of-genitive_Target	English_Target	The girl's sheep is yellow	The sheep of the priest is yellow	The girl's sheep is yellow. The sheep of the priest is yellow.
Set35	same object	English_Prime	of-genitive_Prime	s-genitive_Target	English_Target	The sheep of the girl is yellow	The priest's sheep is yellow	The sheep of the girl is yellow. The priest's sheep is yellow.
Set35	same object	English_Prime	of-genitive_Prime	of-genitive_Target	English_Target	The sheep of the girl is yellow	The sheep of the priest is yellow	The sheep of the girl is yellow. The sheep of the priest is yellow.
Set35	different object	English_Prime	s-genitive_Prime	s-genitive_Target	English_Target	The girl's chair is yellow	The priest's sheep is yellow	The girl's chair is yellow. The priest's sheep is yellow.
Set35	different object	English_Prime	s-genitive_Prime	of-genitive_Target	English_Target	The girl's chair is yellow	The sheep of the priest is yellow	The girl's chair is yellow. The sheep of the priest is yellow.
Set35	different object	English_Prime	of-genitive_Prime	s-genitive_Target	English_Target	The chair of the girl is yellow	The priest's sheep is yellow	The chair of the girl is yellow. The priest's sheep is yellow.
Set35	different object	English_Prime	of-genitive_Prime	of-genitive_Target	English_Target	The chair of the girl is yellow	The sheep of the priest is yellow	The chair of the girl is yellow. The sheep of the priest is yellow.
Set36	same object	English_Prime	s-genitive_Prime	s-genitive_Target	English_Target	The nun's fly is red	The girl's fly is red	The nun's fly is red. The girl's fly is red.
Set36	same object	English_Prime	s-genitive_Prime	of-genitive_Target	English_Target	The nun's fly is red	The fly of the girl is red	The nun's fly is red. The fly of the girl is red.
Set36	same object	English_Prime	of-genitive_Prime	s-genitive_Target	English_Target	The fly of the nun is red	The girl's fly is red	The fly of the nun is red. The girl's fly is red.
Set36	same object	English_Prime	of-genitive_Prime	of-genitive_Target	English_Target	The fly of the nun is red	The fly of the girl is red	The fly of the nun is red. The fly of the girl is red.
Set36	different object	English_Prime	s-genitive_Prime	s-genitive_Target	English_Target	The nun's whip is red	The girl's fly is red	The nun's whip is red. The girl's fly is red.
Set36	different object	English_Prime	s-genitive_Prime	of-genitive_Target	English_Target	The nun's whip is red	The fly of the girl is red	The nun's whip is red. The fly of the girl is red.
Set36	different object	English_Prime	of-genitive_Prime	s-genitive_Target	English_Target	The whip of the nun is red	The girl's fly is red	The whip of the nun is red. The girl's fly is red.
Set36	different object	English_Prime	of-genitive_Prime	of-genitive_Target	English_Target	The whip of the nun is red	The fly of the girl is red	The whip of the nun is red. The fly of the girl is red.
Set37	same object	English_Prime	s-genitive_Prime	s-genitive_Target	English_Target	The nurse's shoe is red	The witch's shoe is red	The nurse's shoe is red. The witch's shoe is red.
Set37	same object	English_Prime	s-genitive_Prime	of-genitive_Target	English_Target	The nurse's shoe is red	The shoe of the witch is red	The nurse's shoe is red. The shoe of the witch is red.
Set37	same object	English_Prime	of-genitive_Prime	s-genitive_Target	English_Target	The shoe of the nurse is red	The witch's shoe is red	The shoe of the nurse is red. The witch's shoe is red.
Set37	same object	English_Prime	of-genitive_Prime	of-genitive_Target	English_Target	The shoe of the nurse is red	The shoe of the witch is red	The shoe of the nurse is red. The shoe of the witch is red.
Set37	different object	English_Prime	s-genitive_Prime	s-genitive_Target	English_Target	The nurse's deer is red	The witch's shoe is red	The nurse's deer is red. The witch's shoe is red.
Set37	different object	English_Prime	s-genitive_Prime	of-genitive_Target	English_Target	The nurse's deer is red	The shoe of the witch is red	The nurse's deer is red. The shoe of the witch is red.
Set37	different object	English_Prime	of-genitive_Prime	s-genitive_Target	English_Target	The deer of the nurse is red	The witch's shoe is red	The deer of the nurse is red. The witch's shoe is red.
Set37	different object	English_Prime	of-genitive_Prime	of-genitive_Target	English_Target	The deer of the nurse is red	The shoe of the witch is red	The deer of the nurse is red. The shoe of the witch is red.
Set38	same object	English_Prime	s-genitive_Prime	s-genitive_Target	English_Target	The nurse's egg is yellow	The witch's egg is yellow	The nurse's egg is yellow. The witch's egg is yellow.
Set38	same object	English_Prime	s-genitive_Prime	of-genitive_Target	English_Target	The nurse's egg is yellow	The egg of the witch is yellow	The nurse's egg is yellow. The egg of the witch is yellow.
Set38	same object	English_Prime	of-genitive_Prime	s-genitive_Target	English_Target	The egg of the nurse is yellow	The witch's egg is yellow	The egg of the nurse is yellow. The witch's egg is yellow.
Set38	same object	English_Prime	of-genitive_Prime	of-genitive_Target	English_Target	The egg of the nurse is yellow	The egg of the witch is yellow	The egg of the nurse is yellow. The egg of the witch is yellow.
Set38	different object	English_Prime	s-genitive_Prime	s-genitive_Target	English_Target	The nurse's horse is yellow	The witch's egg is yellow	The nurse's horse is yellow. The witch's egg is yellow.
Set38	different object	English_Prime	s-genitive_Prime	of-genitive_Target	English_Target	The nurse's horse is yellow	The egg of the witch is yellow	The nurse's horse is yellow. The egg of the witch is yellow.
Set38	different object	English_Prime	of-genitive_Prime	s-genitive_Target	English_Target	The horse of the nurse is yellow	The witch's egg is yellow	The horse of the nurse is yellow. The witch's egg is yellow.
Set38	different object	English_Prime	of-genitive_Prime	of-genitive_Target	English_Target	The horse of the nurse is yellow	The egg of the witch is yellow	The horse of the nurse is yellow. The egg of the witch is yellow.
Set39	same object	English_Prime	s-genitive_Prime	s-genitive_Target	English_Target	The nun's skateboard is blue	The pirate's skateboard is blue	The nun's skateboard is blue. The pirate's skateboard is blue.
Set39	same object	English_Prime	s-genitive_Prime	of-genitive_Target	English_Target	The nun's skateboard is blue	The skateboard of the pirate is blue	The nun's skateboard is blue. The skateboard of the pirate is blue.
Set39	same object	English_Prime	of-genitive_Prime	s-genitive_Target	English_Target	The skateboard of the nun is blue	The pirate's skateboard is blue	The skateboard of the nun is blue. The pirate's skateboard is blue.
Set39	same object	English_Prime	of-genitive_Prime	of-genitive_Target	English_Target	The skateboard of the nun is blue	The skateboard of the pirate is blue	The skateboard of the nun is blue. The skateboard of the pirate is blue.
Set39	different object	English_Prime	s-genitive_Prime	s-genitive_Target	English_Target	The nun's bottle is blue	The pirate's skateboard is blue	The nun's bottle is blue. The pirate's skateboard is blue.
Set39	different object	English_Prime	s-genitive_Prime	of-genitive_Target	English_Target	The nun's bottle is blue	The skateboard of the pirate is blue	The nun's bottle is blue. The skateboard of the pirate is blue.
Set39	different object	English_Prime	of-genitive_Prime	s-genitive_Target	English_Target	The bottle of the nun is blue	The pirate's skateboard is blue	The bottle of the nun is blue. The pirate's skateboard is blue.
Set39	different object	English_Prime	of-genitive_Prime	of-genitive_Target	English_Target	The bottle of the nun is blue	The skateboard of the pirate is blue	The bottle of the nun is blue. The skateboard of the pirate is blue.
Set40	same object	English_Prime	s-genitive_Prime	s-genitive_Target	English_Target	The priest's palmtree is green	The nun's palmtree is green	The priest's palmtree is green. The nun's palmtree is green.
Set40	same object	English_Prime	s-genitive_Prime	of-genitive_Target	English_Target	The priest's palmtree is green	The palmtree of the nun is green	The priest's palmtree is green. The palmtree of the nun is green.
Set40	same object	English_Prime	of-genitive_Prime	s-genitive_Target	English_Target	The palmtree of the priest is green	The nun's palmtree is green	The palmtree of the priest is green. The nun's palmtree is green.
Set40	same object	English_Prime	of-genitive_Prime	of-genitive_Target	English_Target	The palmtree of the priest is green	The palmtree of the nun is green	The palmtree of the priest is green. The palmtree of the nun is green.
Set40	different object	English_Prime	s-genitive_Prime	s-genitive_Target	English_Target	The priest's table is green	The nun's palmtree is green	The priest's table is green. The nun's palmtree is green.
Set40	different object	English_Prime	s-genitive_Prime	of-genitive_Target	English_Target	The priest's table is green	The palmtree of the nun is green	The priest's table is green. The palmtree of the nun is green.
Set40	different object	English_Prime	of-genitive_Prime	s-genitive_Target	English_Target	The table of the priest is green	The nun's palmtree is green	The table of the priest is green. The nun's palmtree is green.
Set40	different object	English_Prime	of-genitive_Prime	of-genitive_Target	English_Target	The table of the priest is green	The palmtree of the nun is green	The table of the priest is green. The palmtree of the nun is green.
Set41	same object	English_Prime	s-genitive_Prime	s-genitive_Target	English_Target	The girl's thermos is yellow	The boy's thermos is yellow	The girl's thermos is yellow. The boy's thermos is yellow.
Set41	same object	English_Prime	s-genitive_Prime	of-genitive_Target	English_Target	The girl's thermos is yellow	The thermos of the boy is yellow	The girl's thermos is yellow. The thermos of the boy is yellow.
Set41	same object	English_Prime	of-genitive_Prime	s-genitive_Target	English_Target	The thermos of the girl is yellow	The boy's thermos is yellow	The thermos of the girl is yellow. The boy's thermos is yellow.
Set41	same object	English_Prime	of-genitive_Prime	of-genitive_Target	English_Target	The thermos of the girl is yellow	The thermos of the boy is yellow	The thermos of the girl is yellow. The thermos of the boy is yellow.
Set41	different object	English_Prime	s-genitive_Prime	s-genitive_Target	English_Target	The girl's carrot is yellow	The boy's thermos is yellow	The girl's carrot is yellow. The boy's thermos is yellow.
Set41	different object	English_Prime	s-genitive_Prime	of-genitive_Target	English_Target	The girl's carrot is yellow	The thermos of the boy is yellow	The girl's carrot is yellow. The thermos of the boy is yellow.
Set41	different object	English_Prime	of-genitive_Prime	s-genitive_Target	English_Target	The carrot of the girl is yellow	The boy's thermos is yellow	The carrot of the girl is yellow. The boy's thermos is yellow.
Set41	different object	English_Prime	of-genitive_Prime	of-genitive_Target	English_Target	The carrot of the girl is yellow	The thermos of the boy is yellow	The carrot of the girl is yellow. The thermos of the boy is yellow.
Set42	same object	English_Prime	s-genitive_Prime	s-genitive_Target	English_Target	The wizard's present is blue	The nun's present is blue	The wizard's present is blue. The nun's present is blue.
Set42	same object	English_Prime	s-genitive_Prime	of-genitive_Target	English_Target	The wizard's present is blue	The present of the nun is blue	The wizard's present is blue. The present of the nun is blue.
Set42	same object	English_Prime	of-genitive_Prime	s-genitive_Target	English_Target	The present of the wizard is blue	The nun's present is blue	The present of the wizard is blue. The nun's present is blue.
Set42	same object	English_Prime	of-genitive_Prime	of-genitive_Target	English_Target	The present of the wizard is blue	The present of the nun is blue	The present of the wizard is blue. The present of the nun is blue.
Set42	different object	English_Prime	s-genitive_Prime	s-genitive_Target	English_Target	The wizard's closet is blue	The nun's present is blue	The wizard's closet is blue. The nun's present is blue.
Set42	different object	English_Prime	s-genitive_Prime	of-genitive_Target	English_Target	The wizard's closet is blue	The present of the nun is blue	The wizard's closet is blue. The present of the nun is blue.
Set42	different object	English_Prime	of-genitive_Prime	s-genitive_Target	English_Target	The closet of the wizard is blue	The nun's present is blue	The closet of the wizard is blue. The nun's present is blue.
Set42	different object	English_Prime	of-genitive_Prime	of-genitive_Target	English_Target	The closet of the wizard is blue	The present of the nun is blue	The closet of the wizard is blue. The present of the nun is blue.
Set43	same object	English_Prime	s-genitive_Prime	s-genitive_Target	English_Target	The pirate's yoyo is yellow	The nun's yoyo is yellow	The pirate's yoyo is yellow. The nun's yoyo is yellow.
Set43	same object	English_Prime	s-genitive_Prime	of-genitive_Target	English_Target	The pirate's yoyo is yellow	The yoyo of the nun is yellow	The pirate's yoyo is yellow. The yoyo of the nun is yellow.
Set43	same object	English_Prime	of-genitive_Prime	s-genitive_Target	English_Target	The yoyo of the pirate is yellow	The nun's yoyo is yellow	The yoyo of the pirate is yellow. The nun's yoyo is yellow.
Set43	same object	English_Prime	of-genitive_Prime	of-genitive_Target	English_Target	The yoyo of the pirate is yellow	The yoyo of the nun is yellow	The yoyo of the pirate is yellow. The yoyo of the nun is yellow.
Set43	different object	English_Prime	s-genitive_Prime	s-genitive_Target	English_Target	The pirate's towel is yellow	The nun's yoyo is yellow	The pirate's towel is yellow. The nun's yoyo is yellow.
Set43	different object	English_Prime	s-genitive_Prime	of-genitive_Target	English_Target	The pirate's towel is yellow	The yoyo of the nun is yellow	The pirate's towel is yellow. The yoyo of the nun is yellow.
Set43	different object	English_Prime	of-genitive_Prime	s-genitive_Target	English_Target	The towel of the pirate is yellow	The nun's yoyo is yellow	The towel of the pirate is yellow. The nun's yoyo is yellow.
Set43	different object	English_Prime	of-genitive_Prime	of-genitive_Target	English_Target	The towel of the pirate is yellow	The yoyo of the nun is yellow	The towel of the pirate is yellow. The yoyo of the nun is yellow.
Set44	same object	English_Prime	s-genitive_Prime	s-genitive_Target	English_Target	The girl's bandaid is red	The boy's bandaid is red	The girl's bandaid is red. The boy's bandaid is red.
Set44	same object	English_Prime	s-genitive_Prime	of-genitive_Target	English_Target	The girl's bandaid is red	The bandaid of the boy is red	The girl's bandaid is red. The bandaid of the boy is red.
Set44	same object	English_Prime	of-genitive_Prime	s-genitive_Target	English_Target	The bandaid of the girl is red	The boy's bandaid is red	The bandaid of the girl is red. The boy's bandaid is red.
Set44	same object	English_Prime	of-genitive_Prime	of-genitive_Target	English_Target	The bandaid of the girl is red	The bandaid of the boy is red	The bandaid of the girl is red. The bandaid of the boy is red.
Set44	different object	English_Prime	s-genitive_Prime	s-genitive_Target	English_Target	The girl's pencil is red	The boy's bandaid is red	The girl's pencil is red. The boy's bandaid is red.
Set44	different object	English_Prime	s-genitive_Prime	of-genitive_Target	English_Target	The girl's pencil is red	The bandaid of the boy is red	The girl's pencil is red. The bandaid of the boy is red.
Set44	different object	English_Prime	of-genitive_Prime	s-genitive_Target	English_Target	The pencil of the girl is red	The boy's bandaid is red	The pencil of the girl is red. The boy's bandaid is red.
Set44	different object	English_Prime	of-genitive_Prime	of-genitive_Target	English_Target	The pencil of the girl is red	The bandaid of the boy is red	The pencil of the girl is red. The bandaid of the boy is red.
Set45	same object	English_Prime	s-genitive_Prime	s-genitive_Target	English_Target	The wizard's zebra is green	The pirate's zebra is green	The wizard's zebra is green. The pirate's zebra is green.
Set45	same object	English_Prime	s-genitive_Prime	of-genitive_Target	English_Target	The wizard's zebra is green	The zebra of the pirate is green	The wizard's zebra is green. The zebra of the pirate is green.
Set45	same object	English_Prime	of-genitive_Prime	s-genitive_Target	English_Target	The zebra of the wizard is green	The pirate's zebra is green	The zebra of the wizard is green. The pirate's zebra is green.
Set45	same object	English_Prime	of-genitive_Prime	of-genitive_Target	English_Target	The zebra of the wizard is green	The zebra of the pirate is green	The zebra of the wizard is green. The zebra of the pirate is green.
Set45	different object	English_Prime	s-genitive_Prime	s-genitive_Target	English_Target	The wizard's trashcan is green	The pirate's zebra is green	The wizard's trashcan is green. The pirate's zebra is green.
Set45	different object	English_Prime	s-genitive_Prime	of-genitive_Target	English_Target	The wizard's trashcan is green	The zebra of the pirate is green	The wizard's trashcan is green. The zebra of the pirate is green.
Set45	different object	English_Prime	of-genitive_Prime	s-genitive_Target	English_Target	The trashcan of the wizard is green	The pirate's zebra is green	The trashcan of the wizard is green. The pirate's zebra is green.
Set45	different object	English_Prime	of-genitive_Prime	of-genitive_Target	English_Target	The trashcan of the wizard is green	The zebra of the pirate is green	The trashcan of the wizard is green. The zebra of the pirate is green.
Set46	same object	English_Prime	s-genitive_Prime	s-genitive_Target	English_Target	The priest's hippo is green	The witch's hippo is green	The priest's hippo is green. The witch's hippo is green.
Set46	same object	English_Prime	s-genitive_Prime	of-genitive_Target	English_Target	The priest's hippo is green	The hippo of the witch is green	The priest's hippo is green. The hippo of the witch is green.
Set46	same object	English_Prime	of-genitive_Prime	s-genitive_Target	English_Target	The hippo of the priest is green	The witch's hippo is green	The hippo of the priest is green. The witch's hippo is green.
Set46	same object	English_Prime	of-genitive_Prime	of-genitive_Target	English_Target	The hippo of the priest is green	The hippo of the witch is green	The hippo of the priest is green. The hippo of the witch is green.
Set46	different object	English_Prime	s-genitive_Prime	s-genitive_Target	English_Target	The priest's necklace is green	The witch's hippo is green	The priest's necklace is green. The witch's hippo is green.
Set46	different object	English_Prime	s-genitive_Prime	of-genitive_Target	English_Target	The priest's necklace is green	The hippo of the witch is green	The priest's necklace is green. The hippo of the witch is green.
Set46	different object	English_Prime	of-genitive_Prime	s-genitive_Target	English_Target	The necklace of the priest is green	The witch's hippo is green	The necklace of the priest is green. The witch's hippo is green.
Set46	different object	English_Prime	of-genitive_Prime	of-genitive_Target	English_Target	The necklace of the priest is green	The hippo of the witch is green	The necklace of the priest is green. The hippo of the witch is green.
Set47	same object	English_Prime	s-genitive_Prime	s-genitive_Target	English_Target	The priest's pipe is red	The boy's pipe is red	The priest's pipe is red. The boy's pipe is red.
Set47	same object	English_Prime	s-genitive_Prime	of-genitive_Target	English_Target	The priest's pipe is red	The pipe of the boy is red	The priest's pipe is red. The pipe of the boy is red.
Set47	same object	English_Prime	of-genitive_Prime	s-genitive_Target	English_Target	The pipe of the priest is red	The boy's pipe is red	The pipe of the priest is red. The boy's pipe is red.
Set47	same object	English_Prime	of-genitive_Prime	of-genitive_Target	English_Target	The pipe of the priest is red	The pipe of the boy is red	The pipe of the priest is red. The pipe of the boy is red.
Set47	different object	English_Prime	s-genitive_Prime	s-genitive_Target	English_Target	The priest's lock is red	The boy's pipe is red	The priest's lock is red. The boy's pipe is red.
Set47	different object	English_Prime	s-genitive_Prime	of-genitive_Target	English_Target	The priest's lock is red	The pipe of the boy is red	The priest's lock is red. The pipe of the boy is red.
Set47	different object	English_Prime	of-genitive_Prime	s-genitive_Target	English_Target	The lock of the priest is red	The boy's pipe is red	The lock of the priest is red. The boy's pipe is red.
Set47	different object	English_Prime	of-genitive_Prime	of-genitive_Target	English_Target	The lock of the priest is red	The pipe of the boy is red	The lock of the priest is red. The pipe of the boy is red.
Set48	same object	English_Prime	s-genitive_Prime	s-genitive_Target	English_Target	The nun's snake is yellow	The pirate's snake is yellow	The nun's snake is yellow. The pirate's snake is yellow.
Set48	same object	English_Prime	s-genitive_Prime	of-genitive_Target	English_Target	The nun's snake is yellow	The snake of the pirate is yellow	The nun's snake is yellow. The snake of the pirate is yellow.
Set48	same object	English_Prime	of-genitive_Prime	s-genitive_Target	English_Target	The snake of the nun is yellow	The pirate's snake is yellow	The snake of the nun is yellow. The pirate's snake is yellow.
Set48	same object	English_Prime	of-genitive_Prime	of-genitive_Target	English_Target	The snake of the nun is yellow	The snake of the pirate is yellow	The snake of the nun is yellow. The snake of the pirate is yellow.
Set48	different object	English_Prime	s-genitive_Prime	s-genitive_Target	English_Target	The nun's tear is yellow	The pirate's snake is yellow	The nun's tear is yellow. The pirate's snake is yellow.
Set48	different object	English_Prime	s-genitive_Prime	of-genitive_Target	English_Target	The nun's tear is yellow	The snake of the pirate is yellow	The nun's tear is yellow. The snake of the pirate is yellow.
Set48	different object	English_Prime	of-genitive_Prime	s-genitive_Target	English_Target	The tear of the nun is yellow	The pirate's snake is yellow	The tear of the nun is yellow. The pirate's snake is yellow.
Set48	different object	English_Prime	of-genitive_Prime	of-genitive_Target	English_Target	The tear of the nun is yellow	The snake of the pirate is yellow	The tear of the nun is yellow. The snake of the pirate is yellow.